proj_name,countries,max_country,world_region
"2014_july_23_850811468025483513_official-documents-loan-agreement,-loan-8369-cn-closing-package.txt","[['china', 'united states'], [5, 1]]",china,asia (ex. near east)
2019_may_7_176351559759561956_official-documents-loan-agreement-for-loan-8947-yf-closing-package.txt,"[['serbia', 'united states'], [4, 1]]",serbia,eastern europe
2012_june_18_303491468216590188_official-documents-loan-agreement-for-loan-8135-br-closing-package.txt,"[['brazil', 'india', 'united states'], [3, 1, 1]]",brazil,latin amer. & carib
1994_june_9_933721468051257956_mexico--northern-border-environment-project-_-loan-3750--loan-agreement--conformed.txt,"[['canada', 'mexico', 'united states'], [2, 9, 5]]",mexico,latin amer. & carib
1994_february_22_415671468068335069_paraguay--natural-resources-management-project-_-loan-3708--loan-agreement--conformed.txt,"[['chile', 'paraguay', 'united states'], [1, 10, 1]]",paraguay,latin amer. & carib
1994_july_5_501631468240315423_china--enterprise-housing-and-social-security-reform-project-_-loan-3773--loan-agreement--conformed.txt,"[['china', 'united states'], [4, 1]]",china,asia (ex. near east)
2018_december_12_768811559757314587_official-documents-amendment-to-the-loan-agreement-for-loan-8707-ar.txt,"[['argentina', 'paraguay', 'uruguay'], [2, 1, 1]]",argentina,latin amer. & carib
1995_july_25_920151468005132514_argentina--mining-development-technical-assistance-project-_-loan-3927--loan-agreement--conformed.txt,"[['argentina', 'united states'], [1, 1]]",argentina,latin amer. & carib
1995_august_29_575801468055459440_mexico--privatization-technical-assistance-project-_-loan-3937--loan-agreement--conformed.txt,"[['mexico', 'united states'], [2, 1]]",mexico,latin amer. & carib
2014_december_9_318201468006913878_official-documents-scf-loan-agreement-for-tf016083-closing-package.txt,"[['bolivia', 'united states'], [5, 1]]",bolivia,latin amer. & carib
2019_august_13_293091566912444013_official-documents-loan-agreement-for-loan-8937-co-closing-package.txt,"[['colombia', 'mali', 'united states'], [13, 5, 1]]",colombia,latin amer. & carib
1995_march_7_757931468298473301_russia--housing-project-_-loan-3850--loan-agreement--conformed.txt,"[['russia', 'united states'], [5, 1]]",russia,c.w. of ind. states
1994_october_27_936121468055457557_mexico--technical-education-and-training-modernization-project-_-loan-3805--loan-agreement--conformed.txt,"[['mexico', 'united states'], [5, 1]]",mexico,latin amer. & carib
2019_may_15_912621559566012926_official-documents-loan-agreement-for-loan-8730-gt-closing-package.txt,"[['guatemala', 'united states'], [5, 1]]",guatemala,latin amer. & carib
1994_september_15_404541468260637096_indonesia--land-administration-project-_-loan-3792--loan-agreement--conformed.txt,"[['australia', 'indonesia', 'united states'], [1, 6, 2]]",indonesia,asia (ex. near east)
2001_july_3_322571468248956257_loan-agreement-for-loan-4613-hr-conformed.txt,"[[], []]",None,None
1995_november_28_238441468296979011_poland--power-transmission-project-_-loan-3959--loan-agreement--conformed.txt,"[['poland', 'united states'], [5, 1]]",poland,eastern europe
1994_april_14_797931468241169432_china--xiaolangdi-multipurpose-project-_-loan-3727--loan-agreement--conformed.txt,"[['china', 'united states'], [6, 1]]",china,asia (ex. near east)
2019_june_27_184571572537671535_official-documents-loan-agreement-for-loan-8939-in-closing-package.txt,"[['india', 'united states'], [8, 2]]",india,asia (ex. near east)
1995_december_19_436571468123879223_pakistan--ghazi-barotha-hydropower-project-_-loan-3965--loan-agreement--conformed.txt,"[['pakistan', 'united states'], [8, 2]]",pakistan,asia (ex. near east)
"2013_july_4_630391468258835532_official-documents-loan-agreement,-l8250-cn-closing-package.txt","[['china', 'united states'], [7, 1]]",china,asia (ex. near east)
1993_september_14_669041468289880869_pakistan--public-sector-adjustment-loan-_-loan-3645--loan-agreement--conformed.txt,"[['pakistan', 'united states'], [7, 1]]",pakistan,asia (ex. near east)
1994_may_3_391411468302940436_uruguay--basic-education-quality-improvement-project-_-loan-3729--loan-agreement--conformed.txt,"[['united states', 'uruguay'], [1, 6]]",uruguay,latin amer. & carib
1991_march_12_994751468252289779_india--agricultural-development-project--tamil-nadu-_-loan-3300--loan-agreement--conformed.txt,"[['india', 'united states'], [5, 1]]",india,asia (ex. near east)
1991_april_9_132451468020333188_china--jiangsu-provincial-transport-project-_-loan-3316--loan-agreement--conformed.txt,"[['china', 'united states'], [4, 2]]",china,asia (ex. near east)
"2014_april_8_181511468200353403_official-documents-loan-agreement,-l8351-by-closing-package.txt","[['belarus', 'united states'], [7, 2]]",belarus,c.w. of ind. states
1995_march_9_767821468045250464_moldova--pre-export-guarantee-facility-project-_-loan-3851--loan-agreement--conformed.txt,"[['moldova', 'united states'], [5, 1]]",moldova,c.w. of ind. states
2019_august_29_768791568310323989_official-documents-loan-agreement-for-cfr-srep-loan-tf0a7640-closing-package.txt,"[['bangladesh', 'united states'], [9, 4]]",bangladesh,asia (ex. near east)
2009_november_12_114131468252897942_loan-agreement-for-loan-7804-ge-conformed.txt,"[[], []]",None,None
1994_december_15_758121468041461616_indonesia--second-professional-human-resource-development-project-_-loan-3825--loan-agreement--conformed.txt,"[['indonesia', 'united states'], [10, 2]]",indonesia,asia (ex. near east)
1995_june_20_290671468300569535_mauritius--port-development-and-environmental-protection-project-_-loan-3908--loan-agreement--conformed.txt,"[['japan', 'mauritius', 'united states'], [1, 10, 2]]",mauritius,sub-saharan africa
1994_september_15_233931468221106197_argentina--decentralization-and-improvement-of-secondary-education-project-_-loan-3794--loan-agreement--conformed.txt,"[['argentina', 'united states'], [4, 1]]",argentina,latin amer. & carib
"2014_october_14_876501468246374500_official-documents-loan-agreement,-l8435-ph-closing-package.txt","[['philippines', 'united states'], [6, 2]]",philippines,asia (ex. near east)
1991_january_8_548891468016865301_china--medium-sized-cities-development-project-_-loan-3286--loan-agreement--conformed.txt,"[['china', 'united states'], [4, 2]]",china,asia (ex. near east)
1994_may_24_500341468277460104_lithuania--power-rehabilitation-project-_-loan-3737--loan-agreement--conformed.txt,"[['lithuania', 'united states'], [8, 1]]",lithuania,baltics
1995_may_4_252051468085445878_st.-vincent-and-the-grenadines--solid-waste-management-project-_-loan-3880--loan-agreement--conformed.txt,"[['dominica', 'grenada', 'united states'], [1, 1, 1]]",dominica,latin amer. & carib
2015_july_2_504891468052795717_official-documents-loan-agreement-for-ctf-loan-tf019266-closing-package.txt,"[['morocco', 'united states'], [3, 2]]",morocco,northern africa
"2014_september_8_631351468333069662_official-documents-loan-agreement,-l8421-ph-closing-package.txt","[['philippines', 'united states'], [6, 4]]",philippines,asia (ex. near east)
1995_august_22_769041468219902151_china--ertan-ii-hydroelectric-project-_-loan-3933--loan-agreement--conformed.txt,"[['china', 'united states'], [4, 1]]",china,asia (ex. near east)
2019_july_10_503861563389955150_official-documents-loan-agreement-for-loan-8950-ro-closing-package.txt,"[['oman', 'romania', 'united states'], [27, 27, 1]]",oman,near east
1994_july_5_410701468286275874_paraguay--private-sector-development-project-_-loan-3774--loan-agreement--conformed.txt,"[['chile', 'paraguay', 'united states'], [1, 10, 1]]",paraguay,latin amer. & carib
1995_april_9_977601468041486510_china--liaoning-environment-project-_-loan-3781--loan-agreement--conformed.txt,"[['china', 'united states'], [3, 1]]",china,asia (ex. near east)
"2013_november_27_855381468101390630_official-documents-loan-agreement,-l8255-yf-closing-package.txt","[['serbia', 'united states'], [8, 1]]",serbia,eastern europe
2019_july_23_376401564685326110_official-documents-loan-agreement-for-loan-8983-ao-closing-package.txt,"[['angola', 'united states'], [5, 1]]",angola,sub-saharan africa
2014_november_3_461801468202742462_official-documents-loan-agreement-for-loan-8429-al-closing-package.txt,"[['albania', 'iran', 'united states'], [11, 3, 1]]",albania,eastern europe
1993_december_23_573261468018054340_colombia--natural-resource-management-program-_-loan-3692--loan-agreement--conformed.txt,"[['colombia', 'ecuador', 'india', 'panama', 'united states'], [14, 1, 2, 1, 1]]",colombia,latin amer. & carib
2014_july_10_423481468092636590_official-documents-loan-agreement-for-loan-8340-yf-closing-package.txt,"[['serbia', 'united states'], [11, 1]]",serbia,eastern europe
2019_june_27_550721572623128776_official-documents-loan-agreement-for-loan-8945-in-closing-package.txt,"[['india', 'united states'], [7, 2]]",india,asia (ex. near east)
1995_june_20_815091468019446949_china--inland-waterways-project-_-loan-3910--loan-agreement--conformed.txt,"[['china', 'united states'], [4, 1]]",china,asia (ex. near east)
"2014_february_28_610351468018669485_official-documents-loan-agreement,-l8311-cn-closing-package.txt","[['china', 'united states'], [6, 1]]",china,asia (ex. near east)
2014_july_24_229501468080931452_official-documents-loan-agreement-for-loan-8306-pe-closing-package.txt,"[['peru', 'united states'], [12, 2]]",peru,latin amer. & carib
2019_may_7_161411557762185021_official-documents-loan-agreement-for-loan-8930-yf-closing-package.txt,"[['albania', 'macedonia', 'serbia', 'united states'], [6, 6, 6, 1]]",albania,eastern europe
1990_october_4_969691468033278080_india--andhra-pradesh-cyclone-emergency-reconstruction-project-_-credit-2179--loan-agreement--conformed.txt,"[['india', 'united states'], [5, 2]]",india,asia (ex. near east)
2019_october_24_342391574201578264_official-documents-loan-agreement-for-loan-9007-ar-closing-package.txt,"[['jordan', 'united states'], [1, 2]]",united states,northern america
1995_may_23_505851468308076292_ukraine--seed-development-project-_-loan-3891--loan-agreement--conformed.txt,"[['oman', 'ukraine', 'united states'], [1, 5, 1]]",ukraine,c.w. of ind. states
1995_june_8_230091468253814724_kazakhstan--structural-adjustment-loan-_-loan-3900--loan-agreement--conformed.txt,"[['kazakhstan', 'united states'], [4, 2]]",kazakhstan,c.w. of ind. states
1994_december_8_649711468046737931_lithuania--klaipeda-environment-project-_-loan-3816--loan-agreement--conformed.txt,"[['finland', 'lithuania', 'sweden', 'united states'], [2, 6, 1, 1]]",lithuania,baltics
2016_december_20_345741482941719242_official-documents-loan-agreement-for-loan-8665-ro-closing-package.txt,"[['czech republic', 'hungary', 'oman', 'romania', 'slovakia', 'united states'], [2, 2, 7, 7, 1, 1]]",oman,near east
1994_february_3_700461468332717216_philippines--leyte-cebu-geothermal-project-_-loan-3702--pnoc--loan-agreement--conformed.txt,"[['philippines', 'united states'], [2, 1]]",philippines,asia (ex. near east)
1994_august_23_231921468308368489_tunisia--secondary-education-support-project-_-loan-3786--loan-agreement--conformed.txt,"[['tunisia', 'united states'], [6, 1]]",tunisia,northern africa
2019_may_27_419831559051735833_official-documents-loan-agreement-for-loan-8956-id-closing-package.txt,"[['india', 'indonesia', 'japan', 'united states'], [1, 6, 3, 1]]",indonesia,asia (ex. near east)
2017_november_30_461791514498478768_official-documents-loan-agreement-for-loan-8717-id-closing-package.txt,"[['indonesia', 'peru', 'united states'], [6, 5, 2]]",indonesia,asia (ex. near east)
2019_july_2_922281564166445297_official-documents-amendment-to-the-loan-agreement-for-loan-8564-ga.txt,"[['gabon'], [4]]",gabon,sub-saharan africa
2019_may_7_171131561412334243_official-documents--loan-agreement-for-loan-8936-yf-closing-package-.txt,"[['serbia', 'united states'], [5, 1]]",serbia,eastern europe
1991_december_20_506621468026670810_ivory-coast--human-resources-development-loan-_-loan-3428--loan-agreement--conformed.txt,"[[""cote d'ivoire"", 'united states'], [1, 1]]",cote d'ivoire,sub-saharan africa
1991_october_31_427451468019739796_china--daguangba-multipurpose-project-_-loan-3412--loan-agreement--conformed.txt,"[['china', 'united states'], [4, 2]]",china,asia (ex. near east)
1994_june_16_668611468146702205_russia--land-reform-implementation-support-project-_-loan-3756--loan-agreement--conformed.txt,"[['russia', 'united states'], [7, 1]]",russia,c.w. of ind. states
1994_june_22_662741468295796991_russia--highway-rehabilitation-and-maintenance-project-_-loan-3706--loan-agreement--conformed.txt,"[['russia', 'united states'], [8, 3]]",russia,c.w. of ind. states
2013_july_19_950101468274256282_official-documents-loan-agreement-for-loan-8279-ge-closing-package.txt,"[['georgia', 'iran', 'united states'], [4, 1, 2]]",georgia,c.w. of ind. states
1994_december_13_653081468234321027_ecuador--structural-adjustment-loan-_-loan-3819--loan-agreement--conformed.txt,"[['ecuador', 'united states'], [18, 1]]",ecuador,latin amer. & carib
1994_september_22_528171468170059891_thailand--second-gas-transmission-project-_-loan-3799--loan-agreement--conformed.txt,"[['japan', 'thailand', 'united states'], [1, 13, 2]]",thailand,asia (ex. near east)
2019_april_22_828481556814821022_official-documents-loan-agreement-for-scf-loan-tf0a8336-closing-package.txt,"[['nepal', 'united states'], [7, 4]]",nepal,asia (ex. near east)
2019_july_7_323351582133605028_official-documents-loan-agreement-for-loan-8960-iq-closing-package.txt,"[['iraq', 'united states'], [4, 1]]",iraq,near east
1995_march_30_536101468037750899_jordan--second-human-resources-development-sector-investment-project-_-loan-3864--loan-agreement--conformed.txt,"[['japan', 'jordan', 'united states'], [1, 5, 1]]",jordan,near east
2019_april_15_885761562083033951_official-documents-amendment-to-the-additional-financing-loan-agreement-for-loan-8700-ar.txt,"[['argentina', 'paraguay', 'uruguay'], [3, 1, 1]]",argentina,latin amer. & carib
1994_may_26_857181468263354244_jordan--telecommunications-project-_-loan-3738--loan-agreement--conformed.txt,"[['japan', 'jordan', 'united states'], [1, 6, 2]]",jordan,near east
1996_january_18_695781468057888949_romania--financial-and-enterprise-sector-adjustment-loan-_-loan-3975--loan-agreement--conformed.txt,"[['france', 'germany', 'oman', 'romania', 'united states'], [1, 1, 6, 6, 2]]",oman,near east
1994_may_26_176051468203645568_belarus--forestry-development-project-_-loan-3741--loan-agreement--conformed.txt,"[['belarus', 'united states'], [5, 1]]",belarus,c.w. of ind. states
1994_may_17_575521468231299584_brazil--basic-education-quality-improvement-project-_-loan-3733--loan-agreement--conformed.txt,"[['brazil', 'united states'], [9, 1]]",brazil,latin amer. & carib
1995_june_15_257361468269438709_indonesia--telecommunications-sector-modernization-project-_-loan-3904--loan-agreement--conformed.txt,"[['france', 'indonesia', 'japan', 'united states'], [1, 10, 6, 2]]",indonesia,asia (ex. near east)
2018_march_21_242371523655115729_official-documents-loan-agreement-for-loan-8831-yf-closing-package.txt,"[['serbia', 'united states'], [30, 1]]",serbia,eastern europe
1996_january_18_949521468090881196_romania--railway-rehabilitation-project-_-loan-3976--loan-agreement--conformed.txt,"[['oman', 'romania', 'united states'], [8, 3, 2]]",oman,near east
1990_may_15_598881468034838695_india--integrated-watershed-development-plains-project-_-loan-3197--loan-agreement--conformed.txt,"[['india', 'united states'], [5, 2]]",india,asia (ex. near east)
2014_october_9_523851468092973770_official-documents-loan-agreement-for-loan-8449-yf-closing-package.txt,"[['mali', 'serbia', 'united states'], [1, 9, 1]]",serbia,eastern europe
1995_march_21_746021468035974021_indonesia--kalimantan-urban-development-_-loan-3854--loan-agreement--conformed.txt,"[['indonesia', 'mali', 'peru', 'united states'], [7, 1, 2, 2]]",indonesia,asia (ex. near east)
2019_july_22_400861565120830605_official-documents-loan-agreement-for-loan-8946-ec-closing-package.txt,"[['ecuador', 'united states'], [7, 1]]",ecuador,latin amer. & carib
1994_may_10_689901468249040057_ecuador--irrigation-subsector-technical-assistance-project-_-loan-3730--loan-agreement--conformed.txt,"[['ecuador', 'united states'], [15, 1]]",ecuador,latin amer. & carib
2017_september_20_915231506617056075_official-documents-loan-agreement-for-loan-8664-uz-closing-package.txt,"[['united states', 'uzbekistan'], [2, 11]]",uzbekistan,c.w. of ind. states
"2008_november_11_357611468299187972_loan-agreement,-l7614-mx-conformed.txt","[[], []]",None,None
"2013_august_19_715661468215998927_official-documents-loan-agreement,-l8200-br-closing-package.txt","[['brazil', 'chad', 'united states'], [4, 1, 1]]",brazil,latin amer. & carib
1994_june_28_165841468237291004_brazil--parana-basic-education-quality-project-_-loan-3766--loan-agreement--conformed.txt,"[['brazil', 'peru', 'united states'], [9, 1, 1]]",brazil,latin amer. & carib
2019_december_10_701581579789087668_official-documents-loan-agreement-for-additional-financing-loan-8913-do-closing-package.txt,"[['dominica', 'dominican republic', 'united states'], [8, 3, 1]]",dominica,latin amer. & carib
"2014_april_9_434221468032968457_official-documents-loan-agreement,-l8341-ga-closing-package.txt","[['gabon', 'united states'], [15, 2]]",gabon,sub-saharan africa
1990_may_15_955111468244536485_india--integrated-watershed-development-plains-project-_-credit-2131--loan-agreement--conformed.txt,"[['india', 'united states'], [5, 2]]",india,asia (ex. near east)
1995_january_31_347191468302943938_tunisia--rural-roads-project-_-loan-3840--loan-agreement--conformed.txt,"[['tunisia', 'united states'], [5, 1]]",tunisia,northern africa
1995_may_16_388981468296174031_russia--urban-transportation-project-_-loan-3885--loan-agreement--conformed.txt,"[['russia', 'united states'], [8, 1]]",russia,c.w. of ind. states
2017_march_7_544991490712950589_official-documents-loan-agreement-for-loan-8649-co-closing-package.txt,"[['peru', 'united states'], [10, 1]]",peru,latin amer. & carib
2019_april_11_547791555533149697_official-documents-loan-agreement-for-loan-8907-lk-closing-package.txt,"[['sri lanka', 'united states'], [6, 1]]",sri lanka,asia (ex. near east)
1994_september_11_265101468105276153_latvia--enterprise-and-financial-sector-restructuring-project-_-loan-3795--loan-agreement--conformed.txt,"[['latvia', 'sweden', 'united states'], [20, 2, 1]]",latvia,baltics
"2014_april_12_930311468024560223_official-documents-loan-agreement,-l8345-eg-closing-package.txt","[['egypt', 'united states'], [5, 3]]",egypt,northern africa
2015_may_25_663581468024264698_official-documents-loan-agreement-for-loan-8480-cn-closing-package.txt,"[['china', 'united states'], [5, 1]]",china,asia (ex. near east)
1994_december_22_148261468302458224_ukraine--rehabilitation-loan-_-loan-3831--loan-agreement--conformed.txt,"[['ukraine', 'united states'], [6, 1]]",ukraine,c.w. of ind. states
2019_december_12_931611577726651104_official-documents-loan-agreement-for-ctf-loan-tf0b0782-closing-package.txt,"[['mali', 'turkey', 'united states'], [1, 10, 2]]",turkey,near east
2019_june_18_891331562178220194_official-documents-loan-agreement-for-loan-8955-ge-closing-package.txt,"[['georgia', 'united states'], [9, 1]]",georgia,c.w. of ind. states
1994_march_25_876541468039030307_jamaica--private-investment-and-export-development-project-_-loan-3720--loan-agreement--conformed.txt,"[['anguilla', 'barbados', 'belize', 'dominica', 'grenada', 'guyana', 'jamaica', 'montserrat', 'united states'], [1, 1, 1, 1, 1, 1, 27, 1, 1]]",jamaica,latin amer. & carib
1995_august_29_292561468097189059_papua-new-guinea--economic-recovery-program-loan-_-loan-3934--loan-agreement--conformed.txt,"[['guinea', 'papua new guinea', 'united states'], [5, 5, 2]]",guinea,sub-saharan africa
2019_october_18_193061571672925103_official-documents-loan-agreement-for-loan-9010-mk-closing-package.txt,"[['macedonia', 'united states'], [7, 1]]",macedonia,eastern europe
1994_may_24_629971468270553372_mauritius--technical-assistance-to-enhance-competiveness-project-_-loan-3736--loan-agreement--conformed.txt,"[['mauritius', 'united states'], [10, 1]]",mauritius,sub-saharan africa
"2014_may_22_913321468305645347_official-documents-loan-agreement-for-loan-8360-tn,-additional-financing-closing-package.txt","[['tunisia', 'united states'], [11, 1]]",tunisia,northern africa
2013_august_22_711601468104365580_official-documents-loan-agreement-for-loan-8275-tr-closing-package.txt,"[['turkey', 'united states'], [4, 1]]",turkey,near east
2015_october_6_671671468090286522_official-documents-loan-agreement-for-loan-8525-mk-closing-package.txt,"[['albania', 'bulgaria', 'macedonia', 'united states'], [1, 1, 2, 1]]",macedonia,eastern europe
1994_december_8_642361468253791186_jordan--agriculture-sector-technical-support-project-_-loan-3818--loan-agreement--conformed.txt,"[['jordan', 'united states'], [8, 1]]",jordan,near east
1994_march_24_717031468233074159_egypt--agricultural-modernization-project-_-loan-3719--loan-agreement--conformed.txt,"[['egypt', 'united states'], [6, 1]]",egypt,northern africa
1995_june_29_631351468020068151_brazil--rural-poverty-alleviation-project--bahia-_-loan-3917--loan-agreement--conformed.txt,"[['brazil', 'iran', 'united states'], [4, 3, 1]]",brazil,latin amer. & carib
1995_august_29_902831468299951112_morocco--emergency-drought-recovery-project-_-loan-3935--loan-agreement--conformed.txt,"[['france', 'morocco', 'united states'], [1, 4, 2]]",morocco,northern africa
2019_october_24_126261574264006073_official-documents-additional-financing-agreement-for-loan-9008-ar-closing-package.txt,"[['argentina', 'jordan', 'united states'], [1, 1, 2]]",united states,northern america
2012_october_31_166731468212963508_official-documents-loan-agreement-for-loan-8168-br-closing-package.txt,"[['brazil', 'united states'], [5, 1]]",brazil,latin amer. & carib
1995_july_20_576451469672147289_conformed-copy--l3686--roads-rehabilitation-project--loan-agreement.txt,"[['argentina', 'united states'], [2, 1]]",argentina,latin amer. & carib
1993_december_21_133961468299950776_morocco--services-project-_-loan-3688--loan-agreement--conformed.txt,"[['morocco', 'united states'], [4, 1]]",morocco,northern africa
1995_march_23_677901468010500558_argentina--second-municipal-development-project-_-loan-3860--loan-agreement--conformed.txt,"[['argentina', 'united states'], [3, 1]]",argentina,latin amer. & carib
1995_june_15_726181468282873956_indonesia--fourth-health-project-_-loan-3905--loan-agreement--conformed.txt,"[['indonesia', 'united states'], [5, 3]]",indonesia,asia (ex. near east)
1994_june_7_672341468087250877_philippines--leyte-luzon-geothermal-project-phoc-_-loan-3747--loan-agreement--conformed.txt,"[['japan', 'mali', 'philippines', 'united states'], [1, 1, 2, 1]]",philippines,asia (ex. near east)
1991_june_4_945761468241166650_china--irrigated-agriculture-intensification-project-_-credit-2256--loan-agreement--conformed.txt,"[['china', 'united states'], [4, 1]]",china,asia (ex. near east)
1994_september_6_814821468005999835_brazil--ceara-urban-development-and-water-resource-management-project-_-loan-3789--loan-agreement--conformed.txt,"[['brazil', 'united states'], [12, 1]]",brazil,latin amer. & carib
1994_july_7_371001468249679231_gabon--transport-sector-technical-assistance-project-_-loan-3777--loan-agreement--conformed.txt,"[['france', 'gabon', 'united states'], [1, 9, 1]]",gabon,sub-saharan africa
1994_december_22_168961468248656295_egypt--irrigation-improvement-project-_-loan-3832--loan-agreement--conformed.txt,"[['egypt', 'united states'], [4, 1]]",egypt,northern africa
1994_june_21_849861468260636772_indonesia--sumatera-and-kalimantan-power-project-_-loan-3761--loan-agreement--conformed.txt,"[['australia', 'austria', 'indonesia', 'japan', 'peru', 'united states'], [1, 5, 3, 1, 2, 1]]",austria,western europe
1990_december_4_833971468016863921_china--rural-industrial-technology-_-credit-2186--loan-agreement--conformed.txt,"[['china', 'united states'], [6, 2]]",china,asia (ex. near east)
1995_january_19_969191468247450474_estonia--health-project-_-loan-3835--loan-agreement--conformed.txt,"[['estonia', 'united states'], [6, 1]]",estonia,baltics
1994_may_26_984471468025512148_estonia--district-heating-rehabilitation-project-_-loan-3740--loan-agreement--conformed.txt,"[['estonia', 'united states'], [5, 2]]",estonia,baltics
2014_may_6_332701468253737835_official-documents-loan-agreement-for-loan-8356-jm-closing-package.txt,"[['jamaica', 'russia', 'united states'], [9, 1, 1]]",jamaica,latin amer. & carib
1994_april_5_948001468058135663_romania--petroleum-sector-rehabilitation-project-_-loan-3723--loan-agreement--conformed.txt,"[['oman', 'romania', 'united states'], [4, 3, 1]]",oman,near east
2019_march_13_585161553546495716_official-documents-loan-agreement-for-loan-8920-pe-closing-package.txt,"[['peru', 'united states'], [3, 1]]",peru,latin amer. & carib
1994_december_8_665871468281047823_moldova--structural-adjustment-loan-_-loan-3815--loan-agreement--conformed.txt,"[['moldova', 'united states'], [7, 1]]",moldova,c.w. of ind. states
1994_may_19_844831468090880889_romania--industrial-development-project-_-loan-3735--loan-agreement--conformed.txt,"[['oman', 'romania', 'united states'], [9, 8, 1]]",oman,near east
2019_september_25_810411569965213165_official-documents-loan-agreement-for-loan-8985-sr-closing-package.txt,"[['suriname', 'united states'], [11, 1]]",suriname,latin amer. & carib
2017_october_30_373211511198035503_official-documents-loan-agreement-for-loan-8780-in-closing-package.txt,"[['india', 'united states'], [8, 1]]",india,asia (ex. near east)
1994_march_15_102981468237290672_brazil--piaui-state-highway-management-project-_-loan-3713--loan-agreement--conformed.txt,"[['brazil', 'united states'], [9, 1]]",brazil,latin amer. & carib
2013_december_12_834031468224425505_official-documents-loan-agreement-for-loan-8201-br-closing-package.txt,"[['brazil', 'united states'], [5, 1]]",brazil,latin amer. & carib
1995_june_22_306591468282874266_indonesia--second-technical-assistance-project-for-private-provision-of-infrastructure-_-loan-3913--loan-agreement--conformed.txt,"[['indonesia', 'united states'], [5, 1]]",indonesia,asia (ex. near east)
2018_july_23_476201533674689452_official-documents-loan-agreement-for-loan-8810-ar-closing-package.txt,"[['argentina', 'united states'], [3, 1]]",argentina,latin amer. & carib
2012_november_5_787801468253229543_official-documents-loan-agreement-for-loan-8136-in-closing-package.txt,"[['india', 'united states'], [8, 1]]",india,asia (ex. near east)
"2013_april_16_572311468053084618_official-documents-loan-agreement,-l8240-ma-closing-package.txt","[['morocco', 'united states'], [4, 1]]",morocco,northern africa
1995_may_23_587431468269438409_indonesia--book-and-reading-development-project-_-loan-3887--loan-agreement--conformed.txt,"[['indonesia', 'oman', 'united states'], [5, 1, 3]]",indonesia,asia (ex. near east)
1995_may_9_674811468015658544_chile--secondary-education-quality-improvement-project-_-loan-3883--loan-agreement--conformed.txt,"[['chile', 'united states'], [8, 2]]",chile,latin amer. & carib
2016_december_22_541481485535226705_official-documents-loan-agreement-for-loan-8579-ec-closing-package.txt,"[['ecuador', 'united states'], [9, 1]]",ecuador,latin amer. & carib
2012_december_18_334251468236371955_official-documents-loan-agreement-for-loan-8177-br-closing-package.txt,"[['brazil', 'united states'], [2, 1]]",brazil,latin amer. & carib
2012_february_15_533511468218386526_official-documents-loan-agreement-for-loan-8125-am-closing-package.txt,"[['armenia', 'united states'], [8, 1]]",armenia,c.w. of ind. states
"2013_april_20_723151468147287906_official-documents-loan-agreement,-l8238-ph-closing-package.txt","[['colombia', 'philippines', 'united states'], [1, 5, 2]]",philippines,asia (ex. near east)
2013_june_19_435991468035419944_official-documents-loan-agreement-for-loan-8254-in-closing-package.txt,"[['india', 'united states'], [7, 2]]",india,asia (ex. near east)
1995_september_14_180191468068335357_paraguay--secondary-education-improvement-project-_-loan-3941--loan-agreement--conformed.txt,"[['chile', 'paraguay', 'united states'], [1, 15, 2]]",paraguay,latin amer. & carib
1995_june_29_721921468016182018_brazil--rural-poverty-alleviation-project--ceara-_-loan-3918--loan-agreement--conformed.txt,"[['brazil', 'iran', 'united states'], [5, 1, 1]]",brazil,latin amer. & carib
"1995_june_8_162971468052158890_morocco--secondary,-tertiary-and-rural-roads-project-_-loan-3901--loan-agreement--conformed.txt","[['morocco', 'united states'], [5, 2]]",morocco,northern africa
1994_june_2_718551468049799616_kazakhstan--petroleum-technical-assistance-project-_-loan-3744--loan-agreement--conformed.txt,"[['kazakhstan', 'united states'], [9, 1]]",kazakhstan,c.w. of ind. states
1995_september_21_319841468307147267_turkey--public-financial-management-project-_-loan-3942--loan-agreement--conformed.txt,"[['mali', 'turkey', 'united states'], [1, 4, 2]]",turkey,near east
1995_july_25_507541468010501278_argentina--bank-reform-loan-_-loan-3926--loan-agreement--conformed.txt,"[['argentina', 'united states'], [2, 1]]",argentina,latin amer. & carib
1994_november_8_277771468059363040_russia--environmental-management-project-_-loan-3806--loan-agreement--conformed.txt,"[['russia', 'united states'], [11, 1]]",russia,c.w. of ind. states
1990_june_12_146771468325288731_pakistan--agricultural-credit-project-_-credit-2153--loan-agreement--conformed.txt,"[['pakistan', 'united states'], [11, 2]]",pakistan,asia (ex. near east)
1996_february_8_696831468049465165_moldova--first-private-sector-development-project-_-loan-3977--loan-agreement--conformed.txt,"[['germany', 'moldova', 'united states'], [1, 7, 2]]",moldova,c.w. of ind. states
2019_june_19_108841561499881807_official-documents--loan-agreement-for-loan-8933-al.txt,"[['albania', 'iran', 'macedonia', 'serbia', 'united states'], [5, 1, 6, 6, 1]]",macedonia,eastern europe
1995_april_18_724451468284077265_kazakhstan--financial-and-enterprises-development-project-_-loan-3867--loan-agreement--conformed.txt,"[['kazakhstan', 'united states'], [9, 1]]",kazakhstan,c.w. of ind. states
1995_may_25_104281468302407011_uzbekistan--cotton-sub-sector-improvement-project-_-loan-3894--loan-agreement--conformed.txt,"[['united states', 'uzbekistan'], [2, 7]]",uzbekistan,c.w. of ind. states
1995_march_7_628461468294963375_romania--employment-and-social-protection-project-_-loan-3849--loan-agreement--conformed.txt,"[['oman', 'romania', 'united states'], [6, 5, 1]]",oman,near east
1994_march_1_246471468221698901_argentina--capital-market-development-technical-assistance-project-_-loan-3710--loan-agreement--conformed.txt,"[['argentina', 'united states'], [6, 1]]",argentina,latin amer. & carib
1994_december_13_243941468024308758_ecuador--debt-and-debt-service-reduction-loan-_-loan-3820--loan-agreement--conformed.txt,"[['ecuador', 'united states'], [4, 1]]",ecuador,latin amer. & carib
1994_april_7_615321468253814445_kazakhstan--urban-transport-project-_-loan-3725--loan-agreement--conformed.txt,"[['kazakhstan', 'united states'], [7, 1]]",kazakhstan,c.w. of ind. states
2019_january_28_516571549920930456_official-documents-loan-agreement-for-loan-8899-pe-closing-package.txt,"[['peru', 'united states'], [3, 1]]",peru,latin amer. & carib
1994_june_14_379961468260636410_indonesia--university-research-for-graduate-education-project-_-loan-3754--loan-agreement--conformed.txt,"[['indonesia', 'united states'], [8, 2]]",indonesia,asia (ex. near east)
2017_july_17_907751502309777078_official-documents-loan-agreement-for-loan-8743-lk-closing-package.txt,"[['maldives', 'sri lanka', 'united states'], [1, 11, 3]]",sri lanka,asia (ex. near east)
2019_february_14_961051551974872881_official-documents-loan-agreement-for-scf-loan-tf0a8845-closing-package.txt,"[['peru', 'united states'], [5, 2]]",peru,latin amer. & carib
1995_february_28_366121468024854153_china--sichuan-power-transmission-project-_-loan-3848--loan-agreement--conformed.txt,"[['china', 'united states'], [5, 1]]",china,asia (ex. near east)
2014_april_29_604391468285608150_official-documents-loan-agreement-for-loan-8277-kz-closing-package.txt,"[['kazakhstan', 'united states'], [4, 1]]",kazakhstan,c.w. of ind. states
1994_june_9_384541468252290095_india--container-transport-_-loan-3753--loan-agreement--conformed.txt,"[['india', 'netherlands', 'united states'], [8, 1, 1]]",india,asia (ex. near east)
1995_june_28_678871468028135921_china--iodine-deficiency-disorders-control-project-_-loan-3914--loan-agreement--conformed.txt,"[['china', 'united states'], [5, 1]]",china,asia (ex. near east)
1994_june_14_767321468035336353_indonesia--integrated-swamps-development-project-_-loan-3755--loan-agreement--conformed.txt,"[['indonesia', 'united states'], [6, 2]]",indonesia,asia (ex. near east)
1994_february_22_121921468024308501_ecuador--third-social-development-project-social-investment-fund-_-loan-3707--loan-agreement--conformed.txt,"[['ecuador', 'mali', 'united states'], [20, 1, 1]]",ecuador,latin amer. & carib
2019_july_24_116411564666630353_official-documents-loan-agreement-for-loan-8965-by-closing-package.txt,"[['belarus', 'united states'], [5, 1]]",belarus,c.w. of ind. states
1994_november_29_282321468099284428_pakistan--second-private-sector-energy-development-loan-_-loan-3812--loan-agreement--conformed.txt,"[['france', 'japan', 'pakistan', 'united states'], [2, 1, 99, 8]]",pakistan,asia (ex. near east)
2019_september_23_867961572361092133_official-documents-loan-agreement-for-loan-9005-ro-closing-package.txt,"[['oman', 'romania', 'united states'], [6, 6, 1]]",oman,near east
2013_july_2_864391468296977942_official-documents-loan-agreement-for-loan-8273-pl-closing-package.txt,"[['poland', 'united states'], [21, 1]]",poland,eastern europe
2014_november_10_756981468249261782_official-documents-loan-agreement-for-loan-8330-in-closing-package.txt,"[['india', 'united states'], [6, 2]]",india,asia (ex. near east)
1995_april_11_788391468164036755_ukraine--hydropower-rehabilitation-and-system-control-project-_-loan-3865--loan-agreement--conformed.txt,"[['oman', 'ukraine', 'united states'], [1, 5, 1]]",ukraine,c.w. of ind. states
1995_march_28_492161468118746654_venezuela--agricultural-extension-project-_-loan-3862--loan-agreement--conformed.txt,"[['mali', 'united states', 'venezuela'], [1, 2, 6]]",venezuela,latin amer. & carib
2014_february_12_779451468257642987_official-documents-loan-agreement-for-loan-8313-in-closing-package.txt,"[['india', 'united states'], [7, 2]]",india,asia (ex. near east)
"2014_march_4_859501468222881293_official-documents-loan-agreement,-l8319-cn-closing-package.txt","[['china', 'united states'], [5, 1]]",china,asia (ex. near east)
1991_may_14_880711468040455417_india--dam-safety-project-_-credit-2241--loan-agreement--conformed.txt,"[['india', 'united states'], [5, 1]]",india,asia (ex. near east)
1994_december_13_439401468246658865_ecuador--modernization-of-the-state-technical-assistance-project-_-loan-3822--loan-agreement--conformed.txt,"[['chile', 'ecuador', 'japan', 'united states'], [1, 18, 4, 2]]",ecuador,latin amer. & carib
"2015_november_19_634551470412608872_official-documents-loan-agreement,-l8549-ua-closing-package.txt","[['ukraine', 'united states'], [16, 1]]",ukraine,c.w. of ind. states
1998_may_29_806201468019740340_china--yangzhou-thermal-power-project-_-loan-3718--loan-agreement--2--conformed.txt,"[['china', 'hong kong', 'japan', 'luxembourg', 'new zealand', 'singapore', 'united states'], [101, 30, 5, 9, 1, 8, 2]]",china,asia (ex. near east)
1994_june_23_590261468056401922_morocco--second-agricultural-sector-investment-loan-_-loan-3765--loan-agreement--conformed.txt,"[['morocco', 'united states'], [5, 1]]",morocco,northern africa
1995_january_24_516981468010499985_argentina--provincial-reform-loan-_-loan-3836--loan-agreement--conformed.txt,"[['argentina', 'united states'], [3, 1]]",argentina,latin amer. & carib
1991_december_20_735971468026667972_ivory-coast--competitiveness-and-regulatory-reform-adjustment-loan-_-credit-2324--loan-agreement--conformed.txt,"[['united states'], [1]]",united states,northern america
1994_june_16_861711468039542547_jamaica--tax-administration-reform-project-_-loan-3758--loan-agreement--conformed.txt,"[['barbados', 'belize', 'dominica', 'grenada', 'guyana', 'jamaica', 'montserrat', 'united states'], [1, 1, 1, 1, 1, 10, 1, 1]]",jamaica,latin amer. & carib
1994_january_25_385961468130212040_uruguay--private-sector-development-project-_-loan-3698--loan-agreement--conformed.txt,"[['united states', 'uruguay'], [1, 15]]",uruguay,latin amer. & carib
1995_july_11_745691468229459639_brazil--environmental-conservation-and-rehabilitation-project-_-loan-3924--loan-agreement--conformed.txt,"[['brazil', 'india', 'united states'], [10, 7, 2]]",brazil,latin amer. & carib
1995_september_14_737131468285564602_philippines--second-rural-finance-project-fixed-rate-single-currency-loan-_-loan-3939--loan-agreement--conformed.txt,"[['philippines', 'united states'], [17, 1]]",philippines,asia (ex. near east)
2019_june_18_649761562010425424_official-documents-loan-agreement-for-loan-8952-ge-closing-package.txt,"[['georgia', 'united states'], [9, 1]]",georgia,c.w. of ind. states
1994_june_2_484921468285636867_philippines--subic-bay-freeport-project-_-loan-3745--loan-agreement--conformed.txt,"[['philippines', 'united states'], [2, 1]]",philippines,asia (ex. near east)
"2014_september_3_882251468023031976_official-documents-loan-agreement,-l8377-ge-closing-package.txt","[['georgia', 'united states'], [9, 2]]",georgia,c.w. of ind. states
2019_august_8_231971565727406554_official-documents-loan-agreement-for-loan-8977-tr-closing-package.txt,"[['mali', 'turkey', 'united states'], [1, 4, 1]]",turkey,near east
1994_november_15_638351468096860331_pakistan--financial-sector-deepening-and-intermediation-project-_-loan-3808--loan-agreement--conformed.txt,"[['germany', 'japan', 'pakistan', 'united states'], [1, 1, 13, 1]]",pakistan,asia (ex. near east)
1995_december_14_893171468041346676_latvia--municipal-services-development-project-_-loan-3964--loan-agreement--conformed.txt,"[['finland', 'latvia', 'united states'], [1, 4, 2]]",latvia,baltics
1990_may_22_349231468225306873_caribbean-region--fifth-caribbean-development-bank-project-_-loan-3200--loan-agreement--conformed.txt,"[['anguilla', 'barbados', 'belize', 'dominica', 'grenada', 'jamaica', 'montserrat', 'saint lucia', 'saint vincent and the grenadines', 'united states'], [1, 3, 1, 1, 1, 2, 1, 1, 1, 1]]",barbados,latin amer. & carib
1994_june_16_230191468295006081_russia--agriculture-reform-implementation-support-project-_-loan-3757--loan-agreement--conformed.txt,"[['russia', 'united states'], [9, 1]]",russia,c.w. of ind. states
2012_october_11_563301468306258137_official-documents-loan-agreement-for-loan-8195-ua-closing-package.txt,"[['ukraine', 'united states'], [9, 2]]",ukraine,c.w. of ind. states
1995_may_4_951241468010499377_argentina--second-provincial-development-project-_-loan-3877--loan-agreement--conformed.txt,"[['argentina', 'united states'], [5, 1]]",argentina,latin amer. & carib
1995_february_14_809901468032939493_croatia--health-project-_-loan-3843--loan-agreement--conformed.txt,"[['croatia', 'united states'], [8, 1]]",croatia,eastern europe
"2013_december_27_730021468275683186_official-documents-loan-agreement-for-loan-8324-me,-additional-financing-closing-package.txt","[['united states'], [1]]",united states,northern america
1995_march_21_838421468302940766_uruguay--health-sector-development-project-_-loan-3855--loan-agreement--conformed.txt,"[['united states', 'uruguay'], [2, 14]]",uruguay,latin amer. & carib
1994_december_22_187591468248427399_egypt--irrigation-improvement-project-_-credit-2672--loan-agreement--conformed.txt,"[['egypt', 'united states'], [4, 1]]",egypt,northern africa
1995_november_30_870911468059050607_russia--standards-development-project-_-loan-3961--loan-agreement--conformed.txt,"[['russia', 'united states'], [6, 1]]",russia,c.w. of ind. states
1994_march_15_171001468235737789_brazil--tocantins-state-highway-management-project-_-loan-3714--loan-agreement--conformed.txt,"[['brazil', 'united states'], [9, 1]]",brazil,latin amer. & carib
2014_june_12_775451468002389223_official-documents-loan-agreement-for-loan-8286-az-closing-package.txt,"[['azerbaijan', 'united states'], [7, 2]]",azerbaijan,c.w. of ind. states
2019_march_14_129231553614210658_official-documents-loan-agreement-for-loan-8925-ma-closing-package.txt,"[['morocco', 'united states'], [5, 1]]",morocco,northern africa
2017_march_13_185331490040171817_official-documents-loan-agreement-for-loan-8692-pe-closing-package.txt,"[['peru', 'united states'], [10, 1]]",peru,latin amer. & carib
2019_july_17_226451565722240925_official-documents-loan-agreement-for-loan-8970-cn-a-and-loan-8971-cn-b-closing-package.txt,"[['china', 'united states'], [4, 1]]",china,asia (ex. near east)
2016_december_22_722331484329361159_official-documents-loan-agreement-for-loan-8685-eg-closing-package.txt,"[['egypt', 'united states'], [7, 1]]",egypt,northern africa
2019_july_10_119031563384665659_official-documents-loan-agreement-for-loan-8949-ro-closing-package.txt,"[['oman', 'romania', 'united states'], [27, 26, 1]]",oman,near east
2014_october_10_268651468053655152_official-documents-loan-agreement-for-loan-8428-me-closing-package.txt,"[['united states'], [1]]",united states,northern america
2019_june_24_937891572642573843_official-documents-loan-agreement-for-loan-89110-in-closing-package.txt,"[['india', 'united states'], [9, 2]]",india,asia (ex. near east)
2019_april_11_869181555443542933_official-documents-loan-agreement-for-loan-8938-uz-closing-packaage.txt,"[['cuba', 'ghana', 'united states', 'uzbekistan'], [2, 6, 1, 9]]",uzbekistan,c.w. of ind. states
2014_april_29_591941468262530560_official-documents-loan-agreement-for-loan-8361-kz-closing-package.txt,"[['kazakhstan', 'united states'], [11, 1]]",kazakhstan,c.w. of ind. states
1995_june_20_263311468271505326_mauritius--port-development-and-environmental-protection-project-_-loan-3909--loan-agreement--conformed.txt,"[['japan', 'luxembourg', 'mauritius', 'united states'], [1, 1, 10, 2]]",mauritius,sub-saharan africa
1995_july_6_583881468215358825_bulgaria--railway-rehabilitation-project-_-loan-3922--loan-agreement--conformed.txt,"[['bulgaria', 'united states'], [6, 2]]",bulgaria,eastern europe
2014_may_18_662741468225609624_official-documents-loan-agreement-for-loan-8347-cn-closing-package.txt,"[['china', 'united states'], [6, 1]]",china,asia (ex. near east)
1995_march_9_378291468285563824_philippines--women_s-health-and-safe-motherhood-project-_-loan-3852--loan-agreement--conformed.txt,"[['australia', 'philippines', 'united states'], [2, 4, 1]]",philippines,asia (ex. near east)
1995_november_16_531881468246661097_colombia--santa-fe-i-water-supply-and-sewerage-rehabilitation-project-_-loan-3952--loan-agreement--conformed.txt,"[['colombia', 'gibraltar', 'united states'], [6, 1, 2]]",colombia,latin amer. & carib
"2008_july_17_862331468018039982_loan-agreement,-l7531-cn-conformed.txt","[['china', 'united states'], [7, 1]]",china,asia (ex. near east)
1995_may_2_409061468246619834_dominican-republic--irrigated-land-and-watershed-management-project-_-loan-3875--loan-agreement--conformed.txt,"[['dominica', 'dominican republic', 'united states'], [5, 1, 2]]",dominica,latin amer. & carib
1995_july_6_202121468246912314_el-salvador--energy-sector-modernization-project-_-loan-3920--loan-agreement--conformed.txt,"[['el salvador', 'japan', 'united states'], [5, 2, 2]]",el salvador,latin amer. & carib
1990_march_27_681121468040453518_india--hyderabad-water-supply-and-sanitation-project-_-credit-2115--loan-agreement--conformed.txt,"[['india', 'united states'], [5, 2]]",india,asia (ex. near east)
1994_february_3_702881468285636581_philippines--leyte-cebu-geothermal-project-_-loan-3700--npc--loan-agreement--conformed.txt,"[['japan', 'philippines', 'united states'], [2, 3, 1]]",philippines,asia (ex. near east)
1994_may_17_822011468282872749_indonesia--fifth-kabupaten-roads-project-_-loan-3732--loan-agreement--conformed.txt,"[['indonesia', 'united states'], [7, 2]]",indonesia,asia (ex. near east)
2017_june_16_708941497887999602_official-documents-loan-agreement-for-loan-8756-ma-closing-package.txt,"[['morocco', 'united states'], [5, 1]]",morocco,northern africa
1994_may_26_257071468021538238_bulgaria--water-companies-restructuring-and-modernization-project-_-loan-3739--loan-agreement--conformed.txt,"[['bulgaria', 'united states'], [6, 1]]",bulgaria,eastern europe
2014_july_9_973481468036832612_official-documents-loan-agreement-for-loan-8402-ge-closing-package.txt,"[['georgia', 'united states'], [6, 2]]",georgia,c.w. of ind. states
"2013_december_10_668251468224424865_official-documents-loan-agreement,-l8310-br-closing-package.txt","[['brazil', 'united states'], [2, 1]]",brazil,latin amer. & carib
2019_july_29_100681564776273055_official-documents-loan-agreement-for-loan-8988-mx-closing-package.txt,"[['mexico', 'united states'], [5, 1]]",mexico,latin amer. & carib
2014_december_15_608161468245128234_official-documents-loan-agreement-for-loan-8455-co-closing-package.txt,"[['colombia', 'united states'], [6, 1]]",colombia,latin amer. & carib
2019_august_27_710931567604435090_official-documents-loan-agreement-for-loan-8973-ua-closing-package.txt,"[['ukraine', 'united states'], [7, 1]]",ukraine,c.w. of ind. states
1991_december_5_825341468040565140_india--structural-adjustment-loan-_-loan-3421--loan-agreement--conformed.txt,"[['india', 'united states'], [7, 1]]",india,asia (ex. near east)
1995_august_29_622181468298764669_romania--power-sector-rehabilitation-and-modernization-project-_-loan-3936--loan-agreement--conformed.txt,"[['oman', 'romania', 'united states'], [2, 2, 1]]",oman,near east
2014_august_22_131601468334243208_official-documents-loan-agreement-for-loan-8409-tr-closing-package.txt,"[['turkey', 'united states'], [4, 1]]",turkey,near east
2014_august_29_297441468020094653_official-documents-loan-agreement-for-loan-8415-br-closing-package.txt,"[['brazil', 'india', 'united states'], [5, 1, 1]]",brazil,latin amer. & carib
2015_october_9_727731468220480228_official-documents-loan-agreement-for-loan-8484-ar-closing-package.txt,"[['argentina', 'united states'], [5, 1]]",argentina,latin amer. & carib
2019_january_23_942741549035803818_official-documents-loan-agreement-for-loan-8878-lk-closing-package.txt,"[['laos', 'sri lanka', 'united states'], [4, 4, 1]]",laos,asia (ex. near east)
1995_february_28_991721468240578872_china--technology-development-project-_-loan-3847--loan-agreement--conformed.txt,"[['china', 'united states'], [6, 1]]",china,asia (ex. near east)
1994_december_15_361681468059363585_russia--management-and-financial-training-project-_-loan-3824--loan-agreement--conformed.txt,"[['russia', 'switzerland', 'united states'], [6, 2, 1]]",russia,c.w. of ind. states
2019_march_8_573521559133740172_official-documents-loan-agreement-for-loan-8909-in-closing-package.txt,"[['india', 'united states'], [7, 2]]",india,asia (ex. near east)
1991_december_20_796561468026386353_ivory-coast--human-resources-development-loan-_-credit-2323--loan-agreement--conformed.txt,"[[""cote d'ivoire"", 'united states'], [1, 1]]",cote d'ivoire,sub-saharan africa
2018_march_21_630401522338288046_official-documents-loan-agreement-for-additional-financing-loan-8830-yf-closing-package.txt,"[['mali', 'oman', 'serbia', 'united states'], [1, 1, 18, 1]]",serbia,eastern europe
1995_march_9_251361468333889746_russia--tax-adminsitration-modernization-project-_-loan-3853--loan-agreement--conformed.txt,"[['russia', 'united states'], [5, 1]]",russia,c.w. of ind. states
1991_december_20_876431468027608636_ivory-coast--competitiveness-and-regulatory-reform-adjustment-loan-_-loan-3429--loan-agreement--conformed.txt,"[['united states'], [1]]",united states,northern america
2017_october_12_959381510238831117_official-documents-loan-agreement-for-loan-8696-by-closing-package.txt,"[['belarus', 'united states'], [14, 2]]",belarus,c.w. of ind. states
2019_february_14_801471551801825466_official-documents-loan-agreement-for-loan-8728-ph-closing-package.txt,"[['philippines', 'united states'], [6, 1]]",philippines,asia (ex. near east)
1995_april_13_234841468088484170_lithuania--enterprise-and-financial-sector-assistance-project-_-loan-3866--loan-agreement--conformed.txt,"[['germany', 'lithuania', 'sweden', 'united states'], [1, 15, 1, 1]]",lithuania,baltics
2019_november_22_612781577981833336_official-documents-loan-agreement-for-loan-9021-am-closing-package.txt,"[['armenia', 'united states'], [5, 1]]",armenia,c.w. of ind. states
1994_september_15_649391468165557319_turkmenistan--institution-building-technical-assistance-project-_-loan-3791--loan-agreement--conformed.txt,"[['spain', 'turkmenistan', 'united states'], [1, 5, 1]]",turkmenistan,c.w. of ind. states
1995_may_9_984001468170059346_thailand--lam-takhong-pump-storage-project-_-loan-3884--loan-agreement--conformed.txt,"[['japan', 'thailand', 'united states'], [1, 7, 1]]",thailand,asia (ex. near east)
1994_february_3_972201468287152068_peru--basic-health-and-nutrition-project-_-loan-3701--loan-agreement--conformed.txt,"[['peru', 'united states'], [5, 2]]",peru,latin amer. & carib
1995_may_30_795591468039859235_kazakhstan--social-protection-project-_-loan-3896--loan-agreement--conformed.txt,"[['kazakhstan', 'united states'], [11, 2]]",kazakhstan,c.w. of ind. states
1995_january_31_356471468008129359_algeria--sixth-highway-project-_-loan-3839--loan-agreement--conformed.txt,"[['algeria', 'united states'], [4, 1]]",algeria,northern africa
1994_july_26_350581468034838976_india--industrial-pollution-prevention-project-_-loan-3779--loan-agreement--1--conformed.txt,"[['india', 'united states'], [8, 1]]",india,asia (ex. near east)
1992_may_12_168201468051268836_india--second-national-highway-project-_-credit-2365--loan-agreement--conformed.txt,"[['india', 'united states'], [5, 1]]",india,asia (ex. near east)
1994_july_28_261881468303041686_tunisia--water-supply-and-sewerage-project-_-loan-3782--loan-agreement--conformed.txt,"[['tunisia', 'united states'], [8, 1]]",tunisia,northern africa
"2013_april_21_644391468091791780_official-documents-loan-agreement,-l8221-pe-closing-package.txt","[['peru', 'united states'], [5, 1]]",peru,latin amer. & carib
2014_august_6_804261468206075931_official-documents-loan-agreement-for-loan-8374-am-closing-package.txt,"[['armenia', 'united states'], [8, 2]]",armenia,c.w. of ind. states
2019_july_4_843181565786291409_official-documents-amendment-no.-3-to-the-loan-agreement-for-8229-am.txt,"[['armenia'], [6]]",armenia,c.w. of ind. states
2014_july_24_921791468145190911_official-documents-loan-agreement-for-loan-8339-pe-closing-package.txt,"[['mali', 'peru', 'united states'], [1, 11, 2]]",peru,latin amer. & carib
1994_november_22_590321468285594361_peru--lima-water-rehabilitation-and-management-project-_-loan-3811--loan-agreement--conformed.txt,"[['japan', 'peru', 'united states'], [1, 6, 1]]",peru,latin amer. & carib
1995_june_22_787521468270603560_mexico--essential-social-services-program-_-loan-3912--loan-agreement--conformed.txt,"[['mexico', 'united states'], [8, 1]]",mexico,latin amer. & carib
1995_june_22_550361468270260189_mexico--financial-sector-restructuring-loan-_-loan-3911--loan-agreement--conformed.txt,"[['mexico', 'united states'], [2, 1]]",mexico,latin amer. & carib
1994_july_26_935851468256465920_india--industrial-pollution-prevention-project-_-loan-3779--loan-agreement--2--conformed.txt,"[['india', 'united states'], [11, 1]]",india,asia (ex. near east)
1995_june_6_547281468045543435_lebanon--solid-waste-environmental-management-project-_-loan-3899--loan-agreement--conformed.txt,"[['japan', 'united states'], [1, 1]]",japan,asia (ex. near east)
"2013_march_20_411041468022131298_official-documents-loan-agreement,-l8215-cn-closing-package.txt","[['china', 'united states'], [5, 1]]",china,asia (ex. near east)
1994_september_13_482921468303101447_mexico--second-decentralization-and-regional-development-project-_-loan-3790--loan-agreement--conformed.txt,"[['spain', 'united states'], [1, 1]]",spain,western europe
2019_march_5_222771559141427298_official-documents-loan-agreement-for-additional-financing-loan-89210-in-closing-package.txt,"[['india', 'united states'], [7, 2]]",india,asia (ex. near east)
1994_september_22_201541468238782466_bulgaria--debt-and-debt-service-reduction-loan-_-loan-3800--loan-agreement--conformed.txt,"[['bulgaria', 'united states'], [4, 1]]",bulgaria,eastern europe
2019_july_23_452731565896459292_official-documents-loan-agreement-for-loan-9002-ao-closing-package.txt,"[['angola', 'cuba', 'united states'], [7, 1, 1]]",angola,sub-saharan africa
1995_august_3_601361468047065199_lebanon--administrative-rehabilitation-project-_-loan-3930--loan-agreement--conformed.txt,"[['lebanon', 'united states'], [1, 2]]",united states,northern america
1994_january_11_801421468091184980_latvia--agricultural-development-project-_-loan-3695--loan-agreement--conformed.txt,"[['latvia', 'united states'], [9, 1]]",latvia,baltics
1994_december_15_823921468285594698_peru--primary-education-quality-project-_-loan-3826--loan-agreement--conformed.txt,"[['peru', 'united states'], [6, 1]]",peru,latin amer. & carib
1994_march_25_438461468050043166_indonesia--skills-development-project-_-loan-3721--loan-agreement--conformed.txt,"[['indonesia', 'united states'], [8, 2]]",indonesia,asia (ex. near east)
1996_february_20_214501468035338106_indonesia--second-power-transmission-and-distribution-project-_-loan-3978--loan-agreement--conformed.txt,"[['indonesia', 'peru', 'united states'], [4, 4, 1]]",indonesia,asia (ex. near east)
2014_july_7_990401468025483200_official-documents-loan-agreement-for-loan-8378-cn-closing-package.txt,"[['china', 'united states'], [5, 1]]",china,asia (ex. near east)
2014_october_22_782271467995061117_official-documents-loan-agreement-for-additional-financing-loan-8403-az-closing-package.txt,"[['azerbaijan', 'united states'], [5, 2]]",azerbaijan,c.w. of ind. states
1994_april_12_991211468259147267_indonesia--surabaya-urban-development-project-_-loan-3726--loan-agreement--conformed.txt,"[['indonesia', 'iran', 'japan', 'peru', 'united states'], [7, 1, 2, 1, 1]]",indonesia,asia (ex. near east)
2014_november_4_970251468242093652_official-documents-loan-agreement-for-loan-8425-cn-closing-package.txt,"[['china', 'united states'], [5, 1]]",china,asia (ex. near east)
2019_march_5_702331559154568160_official-documents-loan-agreement-for-loan-8923-in-closing-package.txt,"[['india', 'iran', 'united states'], [8, 1, 1]]",india,asia (ex. near east)
1994_june_28_410331468017403142_brazil--espirito-santo-water-and-coastal-pollution-management-project-_-loan-3767--loan-agreement--conformed.txt,"[['brazil', 'united states'], [11, 1]]",brazil,latin amer. & carib
1995_july_6_755661468033556146_india--bombay-sewage-disposal-project-_-loan-3923--loan-agreement--conformed.txt,"[['india', 'united states'], [5, 2]]",india,asia (ex. near east)
2016_november_23_297301481556981572_official-documents-loan-agreement-for-loan-8647-cn-closing-package.txt,"[['china', 'united states'], [5, 1]]",china,asia (ex. near east)
1995_august_23_148651468296461859_conformed-copy--l3849--employment-and-social-protection-project--loan-agreement.txt,"[['mexico', 'united states'], [2, 1]]",mexico,latin amer. & carib
1990_september_4_707791468040453804_india--integrated-child-development-services-project-_-credit-2173--loan-agreement--conformed.txt,"[['india', 'united states'], [5, 1]]",india,asia (ex. near east)
1995_february_7_591561468145187529_panama--rural-health-project-_-loan-3841--loan-agreement--conformed.txt,"[['panama', 'united states'], [8, 2]]",panama,latin amer. & carib
1994_june_29_940071468047064899_lebanon--irrigation-rehabilitation-and-modernization-project-_-loan-3769--loan-agreement--conformed.txt,"[['lebanon', 'united states'], [1, 1]]",lebanon,near east
2012_may_31_348331468252592070_official-documents-loan-agreement-for-loan-8164-id-closing-package.txt,"[['indonesia', 'united states'], [17, 3]]",indonesia,asia (ex. near east)
1994_june_2_301031468007504914_algeria--water-supply-and-sewerage-rehabilation-project-_-loan-3743--loan-agreement--conformed.txt,"[['algeria', 'united states'], [4, 1]]",algeria,northern africa
2019_may_5_708081559219817841_official-documents-loan-agreement-for-loan-8951-eg-closing-package.txt,"[['cuba', 'egypt', 'united states'], [1, 7, 2]]",egypt,northern africa
1995_april_25_635851468019737693_china--shandong-provincial-highway-project-_-credit-2709--loan-agreement--conformed.txt,"[['china', 'united states'], [4, 2]]",china,asia (ex. near east)
1994_july_28_934111468102881306_tunisia--water-supply-and-sewerage-project-_-loan-3783--loan-agreement--conformed.txt,"[['tunisia', 'united states'], [12, 1]]",tunisia,northern africa
"2014_june_13_237591468090873335_official-documents-loan-agreement,-l8386-mx-closing-package.txt","[['mexico', 'united states'], [1, 1]]",mexico,latin amer. & carib
2019_april_11_820231555341747112_official-documents-loan-agreement-for-loan-8924-sr-closing-package.txt,"[['suriname', 'united states'], [7, 1]]",suriname,latin amer. & carib
1994_june_7_508111468241170474_china--national-highway-project-_-loan-3748--loan-agreement--conformed.txt,"[['china', 'united states'], [4, 1]]",china,asia (ex. near east)
"2013_april_12_614191468268209187_official-documents-loan-agreement,-l8245-id-closing-package.txt","[['indonesia', 'iran', 'united states'], [7, 1, 2]]",indonesia,asia (ex. near east)
"2014_november_27_678391468050683487_official-documents-loan-agreement-for-loan-8438-id,-additional-financing-closing-package.txt","[['indonesia', 'united states'], [7, 2]]",indonesia,asia (ex. near east)
1994_april_5_360481468297885666_romania--education-reform-project-_-loan-3724--loan-agreement--conformed.txt,"[['oman', 'romania', 'united states'], [6, 5, 1]]",oman,near east
2019_may_8_404361559247121443_official-documents-loan-agreement-for-additional-financing-scf-ppcr-loan-tf0a9610-ne-closing-package.txt,"[['niger', 'united states'], [7, 2]]",niger,sub-saharan africa
2019_june_3_540631562089523433_official-documents-loan-agreement-for-loan-8963-py-closing-package.txt,"[['chile', 'paraguay', 'united states'], [1, 6, 1]]",paraguay,latin amer. & carib
1994_december_20_302971468285306189_korea--waste-disposal-project-_-loan-3830--loan-agreement--conformed.txt,"[['united states'], [1]]",united states,northern america
1994_february_17_516661468033673356_hungary--energy-and-environment-project-_-loan-3705--loan-agreement--conformed.txt,"[['hungary', 'united states'], [4, 1]]",hungary,eastern europe
1995_january_12_987541468204580188_algeria--economic-rehabilitation-support-loan-_-loan-3834--loan-agreement--conformed.txt,"[['algeria', 'united states'], [5, 1]]",algeria,northern africa
1995_june_29_821181468020406686_brazil--recife-metropolitan-transport-decentralization-project-_-loan-3915--loan-agreement--conformed.txt,"[['brazil', 'united states'], [7, 1]]",brazil,latin amer. & carib
2017_may_29_178581503521957691_official-documents-loan-agreement-for-loan-8715-id-closing-package.txt,"[['indonesia', 'united states'], [17, 3]]",indonesia,asia (ex. near east)
1995_may_25_596771468307146651_turkey--antalya-water-supply-and-sanitation-project-_-loan-3893--loan-agreement--conformed.txt,"[['turkey', 'united states'], [2, 1]]",turkey,near east
2019_september_13_710891569417913880_official-documents-loan-agreement-for-loan-8798-co-closing-package.txt,"[['colombia', 'united states'], [16, 1]]",colombia,latin amer. & carib
2017_october_16_247031511195461813_official-documents-loan-agreement-for-loan-8776-in-closing-package.txt,"[['india', 'united states'], [10, 2]]",india,asia (ex. near east)
"2014_june_10_948821468234304312_official-documents-loan-agreement-for-scf-ppcr-grant-tf016955,-scf-ppcr-loan-tf016912-and-credit-5495-dm-closing-package.txt","[['dominica', 'united states'], [7, 2]]",dominica,latin amer. & carib
2015_october_9_206781468221412870_official-documents-loan-agreement-for-loan-8508-ar-closing-package.txt,"[['argentina', 'united states'], [1, 1]]",argentina,latin amer. & carib
1994_june_21_949461468298473009_russia--enterprise-support-project-_-loan-3763--loan-agreement--conformed.txt,"[['russia', 'united states'], [7, 1]]",russia,c.w. of ind. states
1994_june_21_709471468034467586_indonesia--java-irrigation-improvement-water-resources-management-project-_-loan-3762--loan-agreement--conformed.txt,"[['indonesia', 'united states'], [6, 2]]",indonesia,asia (ex. near east)
1991_may_21_698871468289877875_pakistan--third-on-farm-water-management-project-_-credit-2245--loan-agreement--conformed.txt,"[['pakistan', 'united states'], [5, 3]]",pakistan,asia (ex. near east)
2016_january_20_970931468283749399_official-documents-loan-agreement-for-loan-8576-ph-closing-package.txt,"[['philippines', 'united states'], [4, 1]]",philippines,asia (ex. near east)
1994_march_10_893481468050043459_indonesia--second-highway-sector-investment-project-_-loan-3712--loan-agreement--conformed.txt,"[['indonesia', 'united states'], [5, 1]]",indonesia,asia (ex. near east)
1998_may_29_174761468024555334_china--yangzhou-thermal-power-project-_-loan-3718--loan-agreement--1--conformed.txt,"[['china', 'united states'], [5, 1]]",china,asia (ex. near east)
1993_december_23_942771468204579908_algeria--emergency-desert-locust-control-project-_-loan-3690--loan-agreement--conformed.txt,"[['algeria', 'united states'], [4, 1]]",algeria,northern africa
1994_january_6_364051468038997570_korea--environmental-technology-development-project-_-loan-3694--loan-agreement--conformed.txt,"[['united states'], [1]]",united states,northern america
1992_january_21_157381468321580517_zimbabwe--structural-adjustment-loan-_-loan-3434--loan-agreement--conformed.txt,"[['united states', 'zimbabwe'], [1, 9]]",zimbabwe,sub-saharan africa
"2014_august_22_260441468115473766_official-documents-loan-agreement,-loan-8412-tr-closing-package.txt","[['iran', 'turkey', 'united states'], [1, 8, 1]]",turkey,near east
2014_october_22_504701468209033152_official-documents-loan-agreement-for-additional-financing-loan-8381-az-closing-package.txt,"[['azerbaijan', 'united states'], [9, 1]]",azerbaijan,c.w. of ind. states
2017_march_20_139871490819318539_official-documents-loan-agreement-for-loan-8698-al-closing-package.txt,"[['albania', 'iran', 'united states'], [10, 2, 1]]",albania,eastern europe
1995_june_20_988951468250492362_india--second-madras-water-supply-project-_-loan-3907--loan-agreement--2--conformed.txt,"[['india'], [2]]",india,asia (ex. near east)
1994_december_22_258821468015658811_chile--third-road-sector-project-_-loan-3833--loan-agreement--conformed.txt,"[['chile', 'united states'], [8, 1]]",chile,latin amer. & carib
1994_december_1_761091468001463495_algeria--mascara-emergency-reconstruction-project-_-loan-3813--loan-agreement--conformed.txt,"[['algeria', 'united states'], [5, 1]]",algeria,northern africa
1995_may_4_130651468099549753_st.-lucia--solid-waste-management-project-_-loan-3881--loan-agreement--conformed.txt,"[['dominica', 'grenada', 'united states'], [1, 1, 1]]",dominica,latin amer. & carib
1994_june_7_410701468041433479_indonesia--semarang-surakarta-urban-development-project-_-loan-3749--loan-agreement--conformed.txt,"[['indonesia', 'peru', 'united states'], [6, 2, 2]]",indonesia,asia (ex. near east)
2019_october_11_757571572880027851_official-documents-loan-agreement-for-loan-8940-in-closing-package.txt,"[['india', 'united states'], [7, 3]]",india,asia (ex. near east)
1994_november_17_938151468296978711_poland--kotowice-heat-supply-and-conservation-project-_-loan-3809--loan-agreement--conformed.txt,"[['poland', 'united states'], [3, 1]]",poland,eastern europe
1994_march_17_209441468240578246_china--sichuan-gas-development-and-conservation-project-_-loan-3716--loan-agreement--conformed.txt,"[['china', 'japan', 'united states'], [10, 2, 1]]",china,asia (ex. near east)
1995_november_28_181301468010196950_argentina--enterprise-export-development-project-_-loan-3960--loan-agreement--conformed.txt,"[['argentina', 'united states'], [2, 1]]",argentina,latin amer. & carib
"2016_april_27_348341468227651339_official-documents-loan-agreement,-l8575-br-closing-package.txt","[['brazil', 'united states'], [4, 1]]",brazil,latin amer. & carib
2019_april_12_904511555358924782_official-documents-loan-agreement-for-loan-8917-ao-closing-package.txt,"[['angola', 'lesotho', 'malawi', 'mozambique', 'namibia', 'south africa', 'united states', 'zambia'], [4, 2, 2, 2, 1, 4, 1, 2]]",angola,sub-saharan africa
2010_october_7_789711468115744714_loan-agreement-for-loan-7930-tn-conformed.txt,"[[], []]",None,None
1995_november_9_668671468028495929_dominican-republic--second-basic-education-development-project-_-loan-3951--loan-agreement--conformed.txt,"[['dominica', 'dominican republic', 'united states'], [6, 3, 1]]",dominica,latin amer. & carib
2019_october_10_597331571675078725_official-documents-loan-agreement-for-second-additional-financing-loan-8957-am-closing-package.txt,"[['armenia', 'united states'], [4, 1]]",armenia,c.w. of ind. states
1995_february_28_436441468260637740_indonesia--second-rural-electrificaion-project-_-loan-3845--loan-agreement--conformed.txt,"[['indonesia', 'peru', 'united states'], [5, 4, 1]]",indonesia,asia (ex. near east)
1995_november_9_836351468100160322_pakistan--telecommunications-regulation-and-privatization-support-project-_-loan-3950--loan-agreement--conformed.txt,"[['pakistan', 'united states'], [11, 2]]",pakistan,asia (ex. near east)
2013_may_6_897261468113671070_official-documents-loan-agreement-for-loan-8244-tr-closing-package.txt,"[['turkey'], [6]]",turkey,near east
1995_october_10_554031468057564749_loan-agreement-for-loan-3939-ph-conformed.txt,"[['philippines', 'united states'], [17, 1]]",philippines,asia (ex. near east)
1992_may_12_329401468050034439_india--second-national-highway-project-_-loan-3470--loan-agreement--conformed.txt,"[['india', 'united states'], [5, 1]]",india,asia (ex. near east)
1994_october_25_910911468068332382_poland--debt-and-debt-service-reduction-loan-_-loan-3804--loan-agreement--conformed.txt,"[['poland', 'united states'], [7, 1]]",poland,eastern europe
1993_december_21_918591468071335214_panama--roads-rehabilitation-project-_-loan-3686--loan-agreement--conformed.txt,"[['panama', 'united states'], [10, 1]]",panama,latin amer. & carib
"2015_june_9_368071468273287688_official-documents-loan-agreement,-l8463-kz-closing-package.txt","[['kazakhstan', 'united states'], [9, 1]]",kazakhstan,c.w. of ind. states
